Part,Block,Ball,Library pin name,PDF pin name,Side,Row from top,PDF page
A,Configuration / XADC / JTAG,N10,DXP_0,DXP_0,L,1,2
A,Configuration / XADC / JTAG,N9,DXN_0,DXN_0,L,2,2
A,Configuration / XADC / JTAG,M10,VREFP_0,VREFP_0,L,4,2
A,Configuration / XADC / JTAG,L9,VREFN_0,VREFN_0,L,5,2
A,Configuration / XADC / JTAG,L10,VP_0,VP_0,L,7,2
A,Configuration / XADC / JTAG,M9,VN_0,VN_0,L,8,2
A,Configuration / XADC / JTAG,K10,VCCADC_0,VCCADC_0,L,10,2
A,Configuration / XADC / JTAG,K9,GNDADC_0,GNDADC_0,L,11,2
A,Configuration / XADC / JTAG,E12,VCCBATT_0,VCCBATT_0,L,13,2
A,Configuration / XADC / JTAG,T13,TMS_0,TMS_0,R,0,2
A,Configuration / XADC / JTAG,V12,TCK_0,TCK_0,R,1,2
A,Configuration / XADC / JTAG,R13,TDI_0,TDI_0,R,2,2
A,Configuration / XADC / JTAG,U13,TDO_0,TDO_0,R,3,2
A,Configuration / XADC / JTAG,U12,INIT_B_0,INIT_B_0,R,5,2
A,Configuration / XADC / JTAG,N12,PROGRAM_B_0,PROGRAM_B_0,R,6,2
A,Configuration / XADC / JTAG,U8,CFGBVS_0,CFGBVS_0,R,7,2
A,Configuration / XADC / JTAG,G11,DONE_0,DONE_0,R,8,2
A,Configuration / XADC / JTAG,U11,M0_0,M0_0,R,10,2
A,Configuration / XADC / JTAG,U10,M1_0,M1_0,R,11,2
A,Configuration / XADC / JTAG,U9,M2_0,M2_0,R,12,2
A,Configuration / XADC / JTAG,L12,CCLK_0,CCLK_0,R,15,2
B,BANK 14,P20,IO_0_14,IO_0_14,R,0,2
B,BANK 14,P22,IO_L1P_T0_D00_MOSI_14,IO_L1P_T0_D00_MOSI_14,R,1,2
B,BANK 14,R22,IO_L1N_T0_D01_DIN_14,IO_L1N_T0_D01_DIN_14,R,2,2
B,BANK 14,P21,IO_L2P_T0_D02_14,IO_L2P_T0_D02_14,R,3,2
B,BANK 14,R21,IO_L2N_T0_D03_14,IO_L2N_T0_D03_14,R,4,2
B,BANK 14,U22,IO_L3P_T0_DQS_PUDC_B_14,IO_L3P_T0_DQS_PUDC_B_14,R,5,2
B,BANK 14,V22,IO_L3N_T0_DQS_EMCCLK_14,IO_L3N_T0_DQS_EMCCLK_14,R,6,2
B,BANK 14,T21,IO_L4P_T0_D04_14,IO_L4P_T0_D04_14,R,7,2
B,BANK 14,U21,IO_L4N_T0_D05_14,IO_L4N_T0_D05_14,R,8,2
B,BANK 14,P19,IO_L5P_T0_D06_14,IO_L5P_T0_D06_14,R,9,2
B,BANK 14,R19,IO_L5N_T0_D07_14,IO_L5N_T0_D07_14,R,10,2
B,BANK 14,T19,IO_L6P_T0_FCS_B_14,IO_L6P_T0_FCS_B_14,R,11,2
B,BANK 14,T20,IO_L6N_T0_D08_VREF_14,IO_L6N_T0_D08_VREF_14,R,12,2
B,BANK 14,W21,IO_L7P_T1_D09_14,IO_L7P_T1_D09_14,R,13,2
B,BANK 14,W22,IO_L7N_T1_D10_14,IO_L7N_T1_D10_14,R,14,2
B,BANK 14,AA20,IO_L8P_T1_D11_14,IO_L8P_T1_D11_14,R,15,2
B,BANK 14,AA21,IO_L8N_T1_D12_14,IO_L8N_T1_D12_14,R,16,2
B,BANK 14,Y21,IO_L9P_T1_DQS_14,IO_L9P_T1_DQS_14,R,17,2
B,BANK 14,Y22,IO_L9N_T1_DQS_D13_14,IO_L9N_T1_DQS_D13_14,R,18,2
B,BANK 14,AB21,IO_L10P_T1_D14_14,IO_L10P_T1_D14_14,R,19,2
B,BANK 14,AB22,IO_L10N_T1_D15_14,IO_L10N_T1_D15_14,R,20,2
B,BANK 14,U20,IO_L11P_T1_SRCC_14,IO_L11P_T1_SRCC_14,R,21,2
B,BANK 14,V20,IO_L11N_T1_SRCC_14,IO_L11N_T1_SRCC_14,R,22,2
B,BANK 14,W19,IO_L12P_T1_MRCC_14,IO_L12P_T1_MRCC_14,R,23,2
B,BANK 14,W20,IO_L12N_T1_MRCC_14,IO_L12N_T1_MRCC_14,R,24,2
B,BANK 14,Y18,IO_L13P_T2_MRCC_14,IO_L13P_T2_MRCC_14,R,25,2
B,BANK 14,Y19,IO_L13N_T2_MRCC_14,IO_L13N_T2_MRCC_14,R,26,2
B,BANK 14,V18,IO_L14P_T2_SRCC_14,IO_L14P_T2_SRCC_14,R,27,2
B,BANK 14,V19,IO_L14N_T2_SRCC_14,IO_L14N_T2_SRCC_14,R,28,2
B,BANK 14,AA19,IO_L15P_T2_DQS_RDWR_B_14,IO_L15P_T2_DQS_RDWR_B_14,R,29,2
B,BANK 14,AB20,IO_L15N_T2_DQS_DOUT_CSO_B_14,IO_L15N_T2_DQS_DOUT_CSO_B_14,R,30,2
B,BANK 14,V17,IO_L16P_T2_CSI_B_14,IO_L16P_T2_CSI_B_14,R,31,2
B,BANK 14,W17,IO_L16N_T2_A15_D31_14,IO_L16N_T2_A15_D31_14,R,32,2
B,BANK 14,AA18,IO_L17P_T2_A14_D30_14,IO_L17P_T2_A14_D30_14,R,33,2
B,BANK 14,AB18,IO_L17N_T2_A13_D29_14,IO_L17N_T2_A13_D29_14,R,34,2
B,BANK 14,U17,IO_L18P_T2_A12_D28_14,IO_L18P_T2_A12_D28_14,R,35,2
B,BANK 14,U18,IO_L18N_T2_A11_D27_14,IO_L18N_T2_A11_D27_14,R,36,2
B,BANK 14,P14,IO_L19P_T3_A10_D26_14,IO_L19P_T3_A10_D26_14,R,37,2
B,BANK 14,R14,IO_L19N_T3_A09_D25_VREF_14,IO_L19N_T3_A09_D25_VREF_14,R,38,2
B,BANK 14,R18,IO_L20P_T3_A08_D24_14,IO_L20P_T3_A08_D24_14,R,39,2
B,BANK 14,T18,IO_L20N_T3_A07_D23_14,IO_L20N_T3_A07_D23_14,R,40,2
B,BANK 14,N17,IO_L21P_T3_DQS_14,IO_L21P_T3_DQS_14,R,41,2
B,BANK 14,P17,IO_L21N_T3_DQS_A06_D22_14,IO_L21N_T3_DQS_A06_D22_14,R,42,2
B,BANK 14,P15,IO_L22P_T3_A05_D21_14,IO_L22P_T3_A05_D21_14,R,43,2
B,BANK 14,R16,IO_L22N_T3_A04_D20_14,IO_L22N_T3_A04_D20_14,R,44,2
B,BANK 14,N13,IO_L23P_T3_A03_D19_14,IO_L23P_T3_A03_D19_14,R,45,2
B,BANK 14,N14,IO_L23N_T3_A02_D18_14,IO_L23N_T3_A02_D18_14,R,46,2
B,BANK 14,P16,IO_L24P_T3_A01_D17_14,IO_L24P_T3_A01_D17_14,R,47,2
B,BANK 14,R17,IO_L24N_T3_A00_D16_14,IO_L24N_T3_A00_D16_14,R,48,2
B,BANK 14,N15,IO_25_14,IO_25_14,R,49,2
C,BANK 15,J16,IO_0_15,IO_0_15,R,0,2
C,BANK 15,H13,IO_L1P_T0_AD0P_15,IO_L1P_T0_AD0P_15,R,1,2
C,BANK 15,G13,IO_L1N_T0_AD0N_15,IO_L1N_T0_AD0N_15,R,2,2
C,BANK 15,G15,IO_L2P_T0_AD8P_15,IO_L2P_T0_AD8P_15,R,3,2
C,BANK 15,G16,IO_L2N_T0_AD8N_15,IO_L2N_T0_AD8N_15,R,4,2
C,BANK 15,J14,IO_L3P_T0_DQS_AD1P_15,IO_L3P_T0_DQS_AD1P_15,R,5,2
C,BANK 15,H14,IO_L3N_T0_DQS_AD1N_15,IO_L3N_T0_DQS_AD1N_15,R,6,2
C,BANK 15,G17,IO_L4P_T0_15,IO_L4P_T0_15,R,7,2
C,BANK 15,G18,IO_L4N_T0_15,IO_L4N_T0_15,R,8,2
C,BANK 15,J15,IO_L5P_T0_AD9P_15,IO_L5P_T0_AD9P_15,R,9,2
C,BANK 15,H15,IO_L5N_T0_AD9N_15,IO_L5N_T0_AD9N_15,R,10,2
C,BANK 15,H17,IO_L6P_T0_15,IO_L6P_T0_15,R,11,2
C,BANK 15,H18,IO_L6N_T0_VREF_15,IO_L6N_T0_VREF_15,R,12,2
C,BANK 15,J22,IO_L7P_T1_AD2P_15,IO_L7P_T1_AD2P_15,R,13,2
C,BANK 15,H22,IO_L7N_T1_AD2N_15,IO_L7N_T1_AD2N_15,R,14,2
C,BANK 15,H20,IO_L8P_T1_AD10P_15,IO_L8P_T1_AD10P_15,R,15,2
C,BANK 15,G20,IO_L8N_T1_AD10N_15,IO_L8N_T1_AD10N_15,R,16,2
C,BANK 15,K21,IO_L9P_T1_DQS_AD3P_15,IO_L9P_T1_DQS_AD3P_15,R,17,2
C,BANK 15,K22,IO_L9N_T1_DQS_AD3N_15,IO_L9N_T1_DQS_AD3N_15,R,18,2
C,BANK 15,M21,IO_L10P_T1_AD11P_15,IO_L10P_T1_AD11P_15,R,19,2
C,BANK 15,L21,IO_L10N_T1_AD11N_15,IO_L10N_T1_AD11N_15,R,20,2
C,BANK 15,J20,IO_L11P_T1_SRCC_15,IO_L11P_T1_SRCC_15,R,21,2
C,BANK 15,J21,IO_L11N_T1_SRCC_15,IO_L11N_T1_SRCC_15,R,22,2
C,BANK 15,J19,IO_L12P_T1_MRCC_15,IO_L12P_T1_MRCC_15,R,23,2
C,BANK 15,H19,IO_L12N_T1_MRCC_15,IO_L12N_T1_MRCC_15,R,24,2
C,BANK 15,K18,IO_L13P_T2_MRCC_15,IO_L13P_T2_MRCC_15,R,25,2
C,BANK 15,K19,IO_L13N_T2_MRCC_15,IO_L13N_T2_MRCC_15,R,26,2
C,BANK 15,L19,IO_L14P_T2_SRCC_15,IO_L14P_T2_SRCC_15,R,27,2
C,BANK 15,L20,IO_L14N_T2_SRCC_15,IO_L14N_T2_SRCC_15,R,28,2
C,BANK 15,N22,IO_L15P_T2_DQS_15,IO_L15P_T2_DQS_15,R,29,2
C,BANK 15,M22,IO_L15N_T2_DQS_ADV_B_15,IO_L15N_T2_DQS_ADV_B_15,R,30,2
C,BANK 15,M18,IO_L16P_T2_A28_15,IO_L16P_T2_A28_15,R,31,2
C,BANK 15,L18,IO_L16N_T2_A27_15,IO_L16N_T2_A27_15,R,32,2
C,BANK 15,N18,IO_L17P_T2_A26_15,IO_L17P_T2_A26_15,R,33,2
C,BANK 15,N19,IO_L17N_T2_A25_15,IO_L17N_T2_A25_15,R,34,2
C,BANK 15,N20,IO_L18P_T2_A24_15,IO_L18P_T2_A24_15,R,35,2
C,BANK 15,M20,IO_L18N_T2_A23_15,IO_L18N_T2_A23_15,R,36,2
C,BANK 15,K13,IO_L19P_T3_A22_15,IO_L19P_T3_A22_15,R,37,2
C,BANK 15,K14,IO_L19N_T3_A21_VREF_15,IO_L19N_T3_A21_VREF_15,R,38,2
C,BANK 15,M13,IO_L20P_T3_A20_15,IO_L20P_T3_A20_15,R,39,2
C,BANK 15,L13,IO_L20N_T3_A19_15,IO_L20N_T3_A19_15,R,40,2
C,BANK 15,K17,IO_L21P_T3_DQS_15,IO_L21P_T3_DQS_15,R,41,2
C,BANK 15,J17,IO_L21N_T3_DQS_A18_15,IO_L21N_T3_DQS_A18_15,R,42,2
C,BANK 15,L14,IO_L22P_T3_A17_15,IO_L22P_T3_A17_15,R,43,2
C,BANK 15,L15,IO_L22N_T3_A16_15,IO_L22N_T3_A16_15,R,44,2
C,BANK 15,L16,IO_L23P_T3_FOE_B_15,IO_L23P_T3_FOE_B_15,R,45,2
C,BANK 15,K16,IO_L23N_T3_FWE_B_15,IO_L23N_T3_FWE_B_15,R,46,2
C,BANK 15,M15,IO_L24P_T3_RS1_15,IO_L24P_T3_RS1_15,R,47,2
C,BANK 15,M16,IO_L24N_T3_RS0_15,IO_L24N_T3_RS0_15,R,48,2
C,BANK 15,M17,IO_25_15,IO_25_15,R,49,2
D,BANK 16,F15,IO_0_16,IO_0_16,R,0,2
D,BANK 16,F13,IO_L1P_T0_16,IO_L1P_T0_16,R,1,2
D,BANK 16,F14,IO_L1N_T0_16,IO_L1N_T0_16,R,2,2
D,BANK 16,F16,IO_L2P_T0_16,IO_L2P_T0_16,R,3,2
D,BANK 16,E17,IO_L2N_T0_16,IO_L2N_T0_16,R,4,2
D,BANK 16,C14,IO_L3P_T0_DQS_16,IO_L3P_T0_DQS_16,R,5,2
D,BANK 16,C15,IO_L3N_T0_DQS_16,IO_L3N_T0_DQS_16,R,6,2
D,BANK 16,E13,IO_L4P_T0_16,IO_L4P_T0_16,R,7,2
D,BANK 16,E14,IO_L4N_T0_16,IO_L4N_T0_16,R,8,2
D,BANK 16,E16,IO_L5P_T0_16,IO_L5P_T0_16,R,9,2
D,BANK 16,D16,IO_L5N_T0_16,IO_L5N_T0_16,R,10,2
D,BANK 16,D14,IO_L6P_T0_16,IO_L6P_T0_16,R,11,2
D,BANK 16,D15,IO_L6N_T0_VREF_16,IO_L6N_T0_VREF_16,R,12,2
D,BANK 16,B15,IO_L7P_T1_16,IO_L7P_T1_16,R,13,2
D,BANK 16,B16,IO_L7N_T1_16,IO_L7N_T1_16,R,14,2
D,BANK 16,C13,IO_L8P_T1_16,IO_L8P_T1_16,R,15,2
D,BANK 16,B13,IO_L8N_T1_16,IO_L8N_T1_16,R,16,2
D,BANK 16,A15,IO_L9P_T1_DQS_16,IO_L9P_T1_DQS_16,R,17,2
D,BANK 16,A16,IO_L9N_T1_DQS_16,IO_L9N_T1_DQS_16,R,18,2
D,BANK 16,A13,IO_L10P_T1_16,IO_L10P_T1_16,R,19,2
D,BANK 16,A14,IO_L10N_T1_16,IO_L10N_T1_16,R,20,2
D,BANK 16,B17,IO_L11P_T1_SRCC_16,IO_L11P_T1_SRCC_16,R,21,2
D,BANK 16,B18,IO_L11N_T1_SRCC_16,IO_L11N_T1_SRCC_16,R,22,2
D,BANK 16,D17,IO_L12P_T1_MRCC_16,IO_L12P_T1_MRCC_16,R,23,2
D,BANK 16,C17,IO_L12N_T1_MRCC_16,IO_L12N_T1_MRCC_16,R,24,2
D,BANK 16,C18,IO_L13P_T2_MRCC_16,IO_L13P_T2_MRCC_16,R,25,2
D,BANK 16,C19,IO_L13N_T2_MRCC_16,IO_L13N_T2_MRCC_16,R,26,2
D,BANK 16,E19,IO_L14P_T2_SRCC_16,IO_L14P_T2_SRCC_16,R,27,2
D,BANK 16,D19,IO_L14N_T2_SRCC_16,IO_L14N_T2_SRCC_16,R,28,2
D,BANK 16,F18,IO_L15P_T2_DQS_16,IO_L15P_T2_DQS_16,R,29,2
D,BANK 16,E18,IO_L15N_T2_DQS_16,IO_L15N_T2_DQS_16,R,30,2
D,BANK 16,B20,IO_L16P_T2_16,IO_L16P_T2_16,R,31,2
D,BANK 16,A20,IO_L16N_T2_16,IO_L16N_T2_16,R,32,2
D,BANK 16,A18,IO_L17P_T2_16,IO_L17P_T2_16,R,33,2
D,BANK 16,A19,IO_L17N_T2_16,IO_L17N_T2_16,R,34,2
D,BANK 16,F19,IO_L18P_T2_16,IO_L18P_T2_16,R,35,2
D,BANK 16,F20,IO_L18N_T2_16,IO_L18N_T2_16,R,36,2
D,BANK 16,D20,IO_L19P_T3_16,IO_L19P_T3_16,R,37,2
D,BANK 16,C20,IO_L19N_T3_VREF_16,IO_L19N_T3_VREF_16,R,38,2
D,BANK 16,C22,IO_L20P_T3_16,IO_L20P_T3_16,R,39,2
D,BANK 16,B22,IO_L20N_T3_16,IO_L20N_T3_16,R,40,2
D,BANK 16,B21,IO_L21P_T3_DQS_16,IO_L21P_T3_DQS_16,R,41,2
D,BANK 16,A21,IO_L21N_T3_DQS_16,IO_L21N_T3_DQS_16,R,42,2
D,BANK 16,E22,IO_L22P_T3_16,IO_L22P_T3_16,R,43,2
D,BANK 16,D22,IO_L22N_T3_16,IO_L22N_T3_16,R,44,2
D,BANK 16,E21,IO_L23P_T3_16,IO_L23P_T3_16,R,45,2
D,BANK 16,D21,IO_L23N_T3_16,IO_L23N_T3_16,R,46,2
D,BANK 16,G21,IO_L24P_T3_16,IO_L24P_T3_16,R,47,2
D,BANK 16,G22,IO_L24N_T3_16,IO_L24N_T3_16,R,48,2
D,BANK 16,F21,IO_25_16,IO_25_16,R,49,2
E,BANK 34,T3,IO_0_34,IO_0_34,R,0,3
E,BANK 34,T1,IO_L1P_T0_34,IO_L1P_T0_34,R,1,3
E,BANK 34,U1,IO_L1N_T0_34,IO_L1N_T0_34,R,2,3
E,BANK 34,U2,IO_L2P_T0_34,IO_L2P_T0_34,R,3,3
E,BANK 34,V2,IO_L2N_T0_34,IO_L2N_T0_34,R,4,3
E,BANK 34,R3,IO_L3P_T0_DQS_34,IO_L3P_T0_DQS_34,R,5,3
E,BANK 34,R2,IO_L3N_T0_DQS_34,IO_L3N_T0_DQS_34,R,6,3
E,BANK 34,W2,IO_L4P_T0_34,IO_L4P_T0_34,R,7,3
E,BANK 34,Y2,IO_L4N_T0_34,IO_L4N_T0_34,R,8,3
E,BANK 34,W1,IO_L5P_T0_34,IO_L5P_T0_34,R,9,3
E,BANK 34,Y1,IO_L5N_T0_34,IO_L5N_T0_34,R,10,3
E,BANK 34,U3,IO_L6P_T0_34,IO_L6P_T0_34,R,11,3
E,BANK 34,V3,IO_L6N_T0_VREF_34,IO_L6N_T0_VREF_34,R,12,3
E,BANK 34,AA1,IO_L7P_T1_34,IO_L7P_T1_34,R,13,3
E,BANK 34,AB1,IO_L7N_T1_34,IO_L7N_T1_34,R,14,3
E,BANK 34,AB3,IO_L8P_T1_34,IO_L8P_T1_34,R,15,3
E,BANK 34,AB2,IO_L8N_T1_34,IO_L8N_T1_34,R,16,3
E,BANK 34,Y3,IO_L9P_T1_DQS_34,IO_L9P_T1_DQS_34,R,17,3
E,BANK 34,AA3,IO_L9N_T1_DQS_34,IO_L9N_T1_DQS_34,R,18,3
E,BANK 34,AA5,IO_L10P_T1_34,IO_L10P_T1_34,R,19,3
E,BANK 34,AB5,IO_L10N_T1_34,IO_L10N_T1_34,R,20,3
E,BANK 34,Y4,IO_L11P_T1_SRCC_34,IO_L11P_T1_SRCC_34,R,21,3
E,BANK 34,AA4,IO_L11N_T1_SRCC_34,IO_L11N_T1_SRCC_34,R,22,3
E,BANK 34,V4,IO_L12P_T1_MRCC_34,IO_L12P_T1_MRCC_34,R,23,3
E,BANK 34,W4,IO_L12N_T1_MRCC_34,IO_L12N_T1_MRCC_34,R,24,3
E,BANK 34,R4,IO_L13P_T2_MRCC_34,IO_L13P_T2_MRCC_34,R,25,3
E,BANK 34,T4,IO_L13N_T2_MRCC_34,IO_L13N_T2_MRCC_34,R,26,3
E,BANK 34,T5,IO_L14P_T2_SRCC_34,IO_L14P_T2_SRCC_34,R,27,3
E,BANK 34,U5,IO_L14N_T2_SRCC_34,IO_L14N_T2_SRCC_34,R,28,3
E,BANK 34,W6,IO_L15P_T2_DQS_34,IO_L15P_T2_DQS_34,R,29,3
E,BANK 34,W5,IO_L15N_T2_DQS_34,IO_L15N_T2_DQS_34,R,30,3
E,BANK 34,U6,IO_L16P_T2_34,IO_L16P_T2_34,R,31,3
E,BANK 34,V5,IO_L16N_T2_34,IO_L16N_T2_34,R,32,3
E,BANK 34,R6,IO_L17P_T2_34,IO_L17P_T2_34,R,33,3
E,BANK 34,T6,IO_L17N_T2_34,IO_L17N_T2_34,R,34,3
E,BANK 34,Y6,IO_L18P_T2_34,IO_L18P_T2_34,R,35,3
E,BANK 34,AA6,IO_L18N_T2_34,IO_L18N_T2_34,R,36,3
E,BANK 34,V7,IO_L19P_T3_34,IO_L19P_T3_34,R,37,3
E,BANK 34,W7,IO_L19N_T3_VREF_34,IO_L19N_T3_VREF_34,R,38,3
E,BANK 34,AB7,IO_L20P_T3_34,IO_L20P_T3_34,R,39,3
E,BANK 34,AB6,IO_L20N_T3_34,IO_L20N_T3_34,R,40,3
E,BANK 34,V9,IO_L21P_T3_DQS_34,IO_L21P_T3_DQS_34,R,41,3
E,BANK 34,V8,IO_L21N_T3_DQS_34,IO_L21N_T3_DQS_34,R,42,3
E,BANK 34,AA8,IO_L22P_T3_34,IO_L22P_T3_34,R,43,3
E,BANK 34,AB8,IO_L22N_T3_34,IO_L22N_T3_34,R,44,3
E,BANK 34,Y8,IO_L23P_T3_34,IO_L23P_T3_34,R,45,3
E,BANK 34,Y7,IO_L23N_T3_34,IO_L23N_T3_34,R,46,3
E,BANK 34,W9,IO_L24P_T3_34,IO_L24P_T3_34,R,47,3
E,BANK 34,Y9,IO_L24N_T3_34,IO_L24N_T3_34,R,48,3
E,BANK 34,U7,IO_25_34,IO_25_34,R,49,3
F,BANK 35,F4,IO_0_35,IO_0_35,R,0,2
F,BANK 35,B1,IO_L1P_T0_AD4P_35,IO_L1P_T0_AD4P_35,R,1,2
F,BANK 35,A1,IO_L1N_T0_AD4N_35,IO_L1N_T0_AD4N_35,R,2,2
F,BANK 35,C2,IO_L2P_T0_AD12P_35,IO_L2P_T0_AD12P_35,R,3,2
F,BANK 35,B2,IO_L2N_T0_AD12N_35,IO_L2N_T0_AD12N_35,R,4,2
F,BANK 35,E1,IO_L3P_T0_DQS_AD5P_35,IO_L3P_T0_DQS_AD5P_35,R,5,2
F,BANK 35,D1,IO_L3N_T0_DQS_AD5N_35,IO_L3N_T0_DQS_AD5N_35,R,6,2
F,BANK 35,E2,IO_L4P_T0_35,IO_L4P_T0_35,R,7,2
F,BANK 35,D2,IO_L4N_T0_35,IO_L4N_T0_35,R,8,2
F,BANK 35,G1,IO_L5P_T0_AD13P_35,IO_L5P_T0_AD13P_35,R,9,2
F,BANK 35,F1,IO_L5N_T0_AD13N_35,IO_L5N_T0_AD13N_35,R,10,2
F,BANK 35,F3,IO_L6P_T0_35,IO_L6P_T0_35,R,11,2
F,BANK 35,E3,IO_L6N_T0_VREF_35,IO_L6N_T0_VREF_35,R,12,2
F,BANK 35,K1,IO_L7P_T1_AD6P_35,IO_L7P_T1_AD6P_35,R,13,2
F,BANK 35,J1,IO_L7N_T1_AD6N_35,IO_L7N_T1_AD6N_35,R,14,2
F,BANK 35,H2,IO_L8P_T1_AD14P_35,IO_L8P_T1_AD14P_35,R,15,2
F,BANK 35,G2,IO_L8N_T1_AD14N_35,IO_L8N_T1_AD14N_35,R,16,2
F,BANK 35,K2,IO_L9P_T1_DQS_AD7P_35,IO_L9P_T1_DQS_AD7P_35,R,17,2
F,BANK 35,J2,IO_L9N_T1_DQS_AD7N_35,IO_L9N_T1_DQS_AD7N_35,R,18,2
F,BANK 35,J5,IO_L10P_T1_AD15P_35,IO_L10P_T1_AD15P_35,R,19,2
F,BANK 35,H5,IO_L10N_T1_AD15N_35,IO_L10N_T1_AD15N_35,R,20,2
F,BANK 35,H3,IO_L11P_T1_SRCC_35,IO_L11P_T1_SRCC_35,R,21,2
F,BANK 35,G3,IO_L11N_T1_SRCC_35,IO_L11N_T1_SRCC_35,R,22,2
F,BANK 35,H4,IO_L12P_T1_MRCC_35,IO_L12P_T1_MRCC_35,R,23,2
F,BANK 35,G4,IO_L12N_T1_MRCC_35,IO_L12N_T1_MRCC_35,R,24,2
F,BANK 35,K4,IO_L13P_T2_MRCC_35,IO_L13P_T2_MRCC_35,R,25,2
F,BANK 35,J4,IO_L13N_T2_MRCC_35,IO_L13N_T2_MRCC_35,R,26,2
F,BANK 35,L3,IO_L14P_T2_SRCC_35,IO_L14P_T2_SRCC_35,R,27,2
F,BANK 35,K3,IO_L14N_T2_SRCC_35,IO_L14N_T2_SRCC_35,R,28,2
F,BANK 35,M1,IO_L15P_T2_DQS_35,IO_L15P_T2_DQS_35,R,29,2
F,BANK 35,L1,IO_L15N_T2_DQS_35,IO_L15N_T2_DQS_35,R,30,2
F,BANK 35,M3,IO_L16P_T2_35,IO_L16P_T2_35,R,31,2
F,BANK 35,M2,IO_L16N_T2_35,IO_L16N_T2_35,R,32,2
F,BANK 35,K6,IO_L17P_T2_35,IO_L17P_T2_35,R,33,2
F,BANK 35,J6,IO_L17N_T2_35,IO_L17N_T2_35,R,34,2
F,BANK 35,L5,IO_L18P_T2_35,IO_L18P_T2_35,R,35,2
F,BANK 35,L4,IO_L18N_T2_35,IO_L18N_T2_35,R,36,2
F,BANK 35,N4,IO_L19P_T3_35,IO_L19P_T3_35,R,37,2
F,BANK 35,N3,IO_L19N_T3_VREF_35,IO_L19N_T3_VREF_35,R,38,2
F,BANK 35,R1,IO_L20P_T3_35,IO_L20P_T3_35,R,39,2
F,BANK 35,P1,IO_L20N_T3_35,IO_L20N_T3_35,R,40,2
F,BANK 35,P5,IO_L21P_T3_DQS_35,IO_L21P_T3_DQS_35,R,41,2
F,BANK 35,P4,IO_L21N_T3_DQS_35,IO_L21N_T3_DQS_35,R,42,2
F,BANK 35,P2,IO_L22P_T3_35,IO_L22P_T3_35,R,43,2
F,BANK 35,N2,IO_L22N_T3_35,IO_L22N_T3_35,R,44,2
F,BANK 35,M6,IO_L23P_T3_35,IO_L23P_T3_35,R,45,2
F,BANK 35,M5,IO_L23N_T3_35,IO_L23N_T3_35,R,46,2
F,BANK 35,P6,IO_L24P_T3_35,IO_L24P_T3_35,R,47,2
F,BANK 35,N5,IO_L24N_T3_35,IO_L24N_T3_35,R,48,2
F,BANK 35,L6,IO_25_35,IO_25_35,R,49,2
G,MGT BANK 216,E8,MGTAVCC_3,MGTAVCC_5,L,2,2
G,MGT BANK 216,F9,MGTAVCC_5,MGTAVCC_4,L,3,2
G,MGT BANK 216,F7,MGTAVCC_4,MGTAVCC_3,L,4,2
G,MGT BANK 216,D10,MGTAVCC_2,MGTAVCC_2,L,5,2
G,MGT BANK 216,D6,MGTAVCC_1,MGTAVCC_1,L,6,2
G,MGT BANK 216,C8,MGTAVTT_6,MGTAVTT_6,L,11,2
G,MGT BANK 216,C4,MGTAVTT_5,MGTAVTT_5,L,12,2
G,MGT BANK 216,B11,MGTAVTT_4,MGTAVTT_4,L,13,2
G,MGT BANK 216,B9,MGTAVTT_3,MGTAVTT_3,L,14,2
G,MGT BANK 216,B7,MGTAVTT_2,MGTAVTT_2,L,15,2
G,MGT BANK 216,B5,MGTAVTT_1,MGTAVTT_1,L,16,2
G,MGT BANK 216,F8,MGTRREF_216,MGTRREF_216,L,21,2
G,MGT BANK 216,F6,MGTREFCLK0P_216,MGTREFCLK0P_216,R,0,2
G,MGT BANK 216,E6,MGTREFCLK0N_216,MGTREFCLK0N_216,R,1,2
G,MGT BANK 216,B4,MGTPTXP0_216,MGTPTXP0_216,R,3,2
G,MGT BANK 216,A4,MGTPTXN0_216,MGTPTXN0_216,R,4,2
G,MGT BANK 216,B8,MGTPRXP0_216,MGTPRXP0_216,R,5,2
G,MGT BANK 216,A8,MGTPRXN0_216,MGTPRXN0_216,R,6,2
G,MGT BANK 216,D5,MGTPTXP1_216,MGTPTXP1_216,R,8,2
G,MGT BANK 216,C5,MGTPTXN1_216,MGTPTXN1_216,R,9,2
G,MGT BANK 216,D11,MGTPRXP1_216,MGTPRXP1_216,R,10,2
G,MGT BANK 216,C11,MGTPRXN1_216,MGTPRXN1_216,R,11,2
G,MGT BANK 216,B6,MGTPTXP2_216,MGTPTXP2_216,R,13,2
G,MGT BANK 216,A6,MGTPTXN2_216,MGTPTXN2_216,R,14,2
G,MGT BANK 216,B10,MGTPRXP2_216,MGTPRXP2_216,R,15,2
G,MGT BANK 216,A10,MGTPRXN2_216,MGTPRXN2_216,R,16,2
G,MGT BANK 216,D7,MGTPTXP3_216,MGTPTXP3_216,R,18,2
G,MGT BANK 216,C7,MGTPTXN3_216,MGTPTXN3_216,R,19,2
G,MGT BANK 216,D9,MGTPRXP3_216,MGTPRXP3_216,R,20,2
G,MGT BANK 216,C9,MGTPRXN3_216,MGTPRXN3_216,R,21,2
G,MGT BANK 216,F10,MGTREFCLK1P_216,MGTREFCLK1P_216,R,23,2
G,MGT BANK 216,E10,MGTREFCLK1N_216,MGTREFCLK1N_216,R,24,2
H,GND,Y15,GND_82,GND_87,L,0,8
H,GND,Y5,GND_81,GND_86,L,1,8
H,GND,W18,GND_80,GND_85,L,2,8
H,GND,W8,GND_79,GND_84,L,3,8
H,GND,V21,GND_78,GND_83,L,4,8
H,GND,V11,GND_77,GND_82,L,5,8
H,GND,V1,GND_76,GND_81,L,6,8
H,GND,U14,GND_75,GND_80,L,7,8
H,GND,U4,GND_74,GND_79,L,8,8
H,GND,T17,GND_73,GND_78,L,9,8
H,GND,T11,GND_72,GND_77,L,10,8
H,GND,T9,GND_71,GND_76,L,11,8
H,GND,T7,GND_70,GND_75,L,12,8
H,GND,R20,GND_69,GND_74,L,13,8
H,GND,R12,GND_68,GND_73,L,14,8
H,GND,R10,GND_67,GND_72,L,15,8
H,GND,R8,GND_66,GND_71,L,16,8
H,GND,P13,GND_65,GND_70,L,17,8
H,GND,P11,GND_64,GND_69,L,18,8
H,GND,P9,GND_63,GND_68,L,19,8
H,GND,P7,GND_62,GND_67,L,20,8
H,GND,P3,GND_61,GND_66,L,21,8
H,GND,N16,GND_60,GND_65,L,22,8
H,GND,N8,GND_59,GND_64,L,23,8
H,GND,N6,GND_58,GND_63,L,24,8
H,GND,M19,GND_57,GND_62,L,25,8
H,GND,M11,GND_56,GND_61,L,26,8
H,GND,M7,GND_55,GND_60,L,27,8
H,GND,L22,GND_54,GND_59,L,28,8
H,GND,L8,GND_53,GND_58,L,29,8
H,GND,L2,GND_52,GND_57,L,30,8
H,GND,K15,GND_51,GND_56,L,31,8
H,GND,K11,GND_50,GND_55,L,32,8
H,GND,K7,GND_49,GND_54,L,33,8
H,GND,K5,GND_48,GND_53,L,34,8
H,GND,J18,GND_47,GND_52,L,35,8
H,GND,J12,GND_46,GND_51,L,36,8
H,GND,J10,GND_45,GND_50,L,37,8
H,GND,J8,GND_44,GND_49,L,38,8
H,GND,H21,GND_43,GND_48,L,39,8
H,GND,H11,GND_42,GND_47,L,40,8
H,GND,H9,GND_41,GND_46,L,41,8
H,GND,H7,GND_40,GND_45,L,42,8
H,GND,D8,GND_19,GND_1,R,0,8
H,GND,A2,GND_1,GND_2,R,1,8
H,GND,A3,GND_2,GND_3,R,2,8
H,GND,A5,GND_3,GND_4,R,3,8
H,GND,A7,GND_4,GND_5,R,4,8
H,GND,A9,GND_5,GND_6,R,5,8
H,GND,A11,GND_6,GND_7,R,6,8
H,GND,A12,GND_7,GND_8,R,7,8
H,GND,A22,GND_8,GND_9,R,8,8
H,GND,AA2,GND_83,GND_10,R,9,8
H,GND,AA12,GND_84,GND_11,R,10,8
H,GND,AA22,GND_85,GND_12,R,11,8
H,GND,AB9,GND_86,GND_13,R,12,8
H,GND,AB19,GND_87,GND_14,R,13,8
H,GND,B3,GND_9,GND_15,R,14,8
H,GND,B12,GND_10,GND_16,R,15,8
H,GND,B19,GND_11,GND_17,R,16,8
H,GND,C3,GND_12,GND_18,R,17,8
H,GND,C6,GND_13,GND_19,R,18,8
H,GND,C10,GND_14,GND_20,R,19,8
H,GND,C12,GND_15,GND_21,R,20,8
H,GND,C16,GND_16,GND_22,R,21,8
H,GND,D3,GND_17,GND_23,R,22,8
H,GND,D4,GND_18,GND_24,R,23,8
H,GND,D12,GND_20,GND_25,R,24,8
H,GND,D13,GND_21,GND_26,R,25,8
H,GND,E4,GND_22,GND_27,R,26,8
H,GND,E5,GND_23,GND_28,R,27,8
H,GND,E7,GND_24,GND_29,R,28,8
H,GND,E9,GND_25,GND_30,R,29,8
H,GND,E11,GND_26,GND_31,R,30,8
H,GND,E20,GND_27,GND_32,R,31,8
H,GND,F5,GND_28,GND_33,R,32,8
H,GND,F11,GND_29,GND_34,R,33,8
H,GND,F17,GND_30,GND_35,R,34,8
H,GND,G5,GND_31,GND_36,R,35,8
H,GND,G6,GND_32,GND_37,R,36,8
H,GND,G7,GND_33,GND_38,R,37,8
H,GND,G8,GND_34,GND_39,R,38,8
H,GND,G9,GND_35,GND_40,R,39,8
H,GND,G10,GND_36,GND_41,R,40,8
H,GND,G12,GND_37,GND_42,R,41,8
H,GND,G14,GND_38,GND_43,R,42,8
H,GND,H1,GND_39,GND_44,R,43,8
I,POWER,H8,VCCINT_1,VCCINT_1,L,0,8
I,POWER,H10,VCCINT_2,VCCINT_2,L,1,8
I,POWER,J7,VCCINT_3,VCCINT_3,L,2,8
I,POWER,J9,VCCINT_4,VCCINT_4,L,3,8
I,POWER,K8,VCCINT_5,VCCINT_5,L,4,8
I,POWER,L7,VCCINT_6,VCCINT_6,L,5,8
I,POWER,M8,VCCINT_7,VCCINT_7,L,6,8
I,POWER,N7,VCCINT_8,VCCINT_8,L,7,8
I,POWER,P8,VCCINT_9,VCCINT_9,L,8,8
I,POWER,P10,VCCINT_10,VCCINT_10,L,9,8
I,POWER,R7,VCCINT_11,VCCINT_11,L,10,8
I,POWER,R9,VCCINT_12,VCCINT_12,L,11,8
I,POWER,T8,VCCINT_13,VCCINT_13,L,12,8
I,POWER,T10,VCCINT_14,VCCINT_14,L,13,8
I,POWER,H12,VCCAUX_1,VCCAUX_1,L,16,8
I,POWER,K12,VCCAUX_2,VCCAUX_2,L,17,8
I,POWER,M12,VCCAUX_3,VCCAUX_3,L,18,8
I,POWER,P12,VCCAUX_4,VCCAUX_4,L,19,8
I,POWER,R11,VCCAUX_5,VCCAUX_5,L,20,8
I,POWER,N11,VCCBRAM_3,VCCBRAM_3,L,23,8
I,POWER,L11,VCCBRAM_2,VCCBRAM_2,L,24,8
I,POWER,J11,VCCBRAM_1,VCCBRAM_1,L,25,8
I,POWER,F12,VCCO_0_1,VCCO_0_1,L,28,8
I,POWER,T12,VCCO_0_2,VCCO_0_2,L,29,8
I,POWER,N1,VCCO_35_6,VCCO_35_6,L,32,8
I,POWER,M4,VCCO_35_5,VCCO_35_5,L,33,8
I,POWER,J3,VCCO_35_4,VCCO_35_4,L,34,8
I,POWER,H6,VCCO_35_3,VCCO_35_3,L,35,8
I,POWER,F2,VCCO_35_2,VCCO_35_2,L,36,8
I,POWER,C1,VCCO_35_1,VCCO_35_1,L,37,8
I,POWER,AA17,VCCO_13_4,VCCO_13_1,R,0,8
I,POWER,AB14,VCCO_13_5,VCCO_13_2,R,1,8
I,POWER,V16,VCCO_13_1,VCCO_13_3,R,2,8
I,POWER,W13,VCCO_13_2,VCCO_13_4,R,3,8
I,POWER,Y10,VCCO_13_3,VCCO_13_5,R,4,8
I,POWER,M14,VCCO_14_1,VCCO_14_1,R,7,8
I,POWER,P18,VCCO_14_2,VCCO_14_2,R,8,8
I,POWER,R15,VCCO_14_3,VCCO_14_3,R,9,8
I,POWER,T22,VCCO_14_4,VCCO_14_4,R,10,8
I,POWER,U19,VCCO_14_5,VCCO_14_5,R,11,8
I,POWER,Y20,VCCO_14_6,VCCO_14_6,R,12,8
I,POWER,G19,VCCO_15_1,VCCO_15_1,R,15,8
I,POWER,H16,VCCO_15_2,VCCO_15_2,R,16,8
I,POWER,J13,VCCO_15_3,VCCO_15_3,R,17,8
I,POWER,K20,VCCO_15_4,VCCO_15_4,R,18,8
I,POWER,L17,VCCO_15_5,VCCO_15_5,R,19,8
I,POWER,N21,VCCO_15_6,VCCO_15_6,R,20,8
I,POWER,A17,VCCO_16_1,VCCO_16_1,R,23,8
I,POWER,B14,VCCO_16_2,VCCO_16_2,R,24,8
I,POWER,C21,VCCO_16_3,VCCO_16_3,R,25,8
I,POWER,D18,VCCO_16_4,VCCO_16_4,R,26,8
I,POWER,E15,VCCO_16_5,VCCO_16_5,R,27,8
I,POWER,F22,VCCO_16_6,VCCO_16_6,R,28,8
I,POWER,AA7,VCCO_34_5,VCCO_34_1,R,31,8
I,POWER,AB4,VCCO_34_6,VCCO_34_2,R,32,8
I,POWER,R5,VCCO_34_1,VCCO_34_3,R,33,8
I,POWER,T2,VCCO_34_2,VCCO_34_4,R,34,8
I,POWER,V6,VCCO_34_3,VCCO_34_5,R,35,8
I,POWER,W3,VCCO_34_4,VCCO_34_6,R,36,8
J,NC,Y13,NC_18,NC_18,L,0,2
J,NC,Y14,NC_19,NC_19,L,1,2
J,NC,Y16,NC_20,NC_20,L,2,2
J,NC,Y17,NC_21,NC_21,L,3,2
J,NC,AA9,NC_22,NC_22,L,4,2
J,NC,AA10,NC_23,NC_23,L,5,2
J,NC,AA11,NC_24,NC_24,L,6,2
J,NC,AA13,NC_25,NC_25,L,7,2
J,NC,AA14,NC_26,NC_26,L,8,2
J,NC,AA15,NC_27,NC_27,L,9,2
J,NC,AA16,NC_28,NC_28,L,10,2
J,NC,AB10,NC_29,NC_29,L,11,2
J,NC,AB11,NC_30,NC_30,L,12,2
J,NC,AB12,NC_31,NC_31,L,13,2
J,NC,AB13,NC_32,NC_32,L,14,2
J,NC,AB15,NC_33,NC_33,L,15,2
J,NC,AB16,NC_34,NC_34,L,16,2
J,NC,AB17,NC_35,NC_35,L,17,2
J,NC,T14,NC_1,NC_1,R,0,2
J,NC,T15,NC_2,NC_2,R,1,2
J,NC,T16,NC_3,NC_3,R,2,2
J,NC,U15,NC_4,NC_4,R,3,2
J,NC,U16,NC_5,NC_5,R,4,2
J,NC,V10,NC_6,NC_6,R,5,2
J,NC,V13,NC_7,NC_7,R,6,2
J,NC,V14,NC_8,NC_8,R,7,2
J,NC,V15,NC_9,NC_9,R,8,2
J,NC,W10,NC_10,NC_10,R,9,2
J,NC,W11,NC_11,NC_11,R,10,2
J,NC,W12,NC_12,NC_12,R,11,2
J,NC,W14,NC_13,NC_13,R,12,2
J,NC,W15,NC_14,NC_14,R,13,2
J,NC,W16,NC_15,NC_15,R,14,2
J,NC,Y11,NC_16,NC_16,R,15,2
J,NC,Y12,NC_17,NC_17,R,16,2
