component,number,name,original_type,original_type_name,final_type,final_type_name,part,pad
HR911130A,11,11,4,Passive,7,Power,2,11
HR911130A,12,12,4,Passive,7,Power,2,12
HR911130A,13,13,4,Passive,7,Power,2,13
HR911130A,14,14,4,Passive,7,Power,2,14
HR911130A,15,15,4,Passive,7,Power,2,15
HR911130A,16,16,4,Passive,7,Power,2,16
HR911130A,1,1,4,Passive,7,Power,1,1
HR911130A,2,2,4,Passive,7,Power,1,2
HR911130A,3,3,4,Passive,7,Power,1,3
HR911130A,4,4,4,Passive,7,Power,1,4
HR911130A,5,5,4,Passive,7,Power,1,5
HR911130A,6,6,4,Passive,7,Power,1,6
HR911130A,7,7,4,Passive,7,Power,1,7
HR911130A,8,8,4,Passive,7,Power,1,8
HR911130A,9,9,4,Passive,7,Power,1,9
HR911130A,10,10,4,Passive,7,Power,1,10
SPX3819M5-L-3-3,1,VIN,4,Passive,7,Power,1,1
SPX3819M5-L-3-3,2,GND,4,Passive,7,Power,1,2
SPX3819M5-L-3-3,3,EN,4,Passive,7,Power,1,3
SPX3819M5-L-3-3,4,ADJ/BYP,4,Passive,7,Power,1,4
SPX3819M5-L-3-3,5,VOUT,4,Passive,7,Power,1,5
RTL8211E-VB-CG,1,MDI[0]+,4,Passive,7,Power,5,1
RTL8211E-VB-CG,2,MDI[0]-,4,Passive,7,Power,5,2
RTL8211E-VB-CG,4,MDI[1]+,4,Passive,7,Power,5,4
RTL8211E-VB-CG,5,MDI[1]-,4,Passive,7,Power,5,5
RTL8211E-VB-CG,7,MDI[2]+,4,Passive,7,Power,5,7
RTL8211E-VB-CG,8,MDI[2]-,4,Passive,7,Power,5,8
RTL8211E-VB-CG,10,MDI[3]+,4,Passive,7,Power,5,10
RTL8211E-VB-CG,11,MDI[3]-,4,Passive,7,Power,5,11
RTL8211E-VB-CG,12,NC,4,Passive,7,Power,3,12
RTL8211E-VB-CG,13,RXCTL/PHY_AD,4,Passive,7,Power,2,13
RTL8211E-VB-CG,14,RXD0/SELRGV,4,Passive,7,Power,2,14
RTL8211E-VB-CG,16,RXD1/TXDLY,4,Passive,7,Power,2,16
RTL8211E-VB-CG,17,RXD2/AN0,4,Passive,7,Power,2,17
RTL8211E-VB-CG,18,RXD3/AN1,4,Passive,7,Power,2,18
RTL8211E-VB-CG,19,RXC,4,Passive,7,Power,2,19
RTL8211E-VB-CG,20,INTB,4,Passive,7,Power,3,20
RTL8211E-VB-CG,22,TXC,4,Passive,7,Power,2,22
RTL8211E-VB-CG,23,TXD0,4,Passive,7,Power,2,23
RTL8211E-VB-CG,24,TXD1,4,Passive,7,Power,2,24
RTL8211E-VB-CG,35,LED1/PHY_AD1,4,Passive,7,Power,3,35
RTL8211E-VB-CG,34,LED0/PHY_AD0,4,Passive,7,Power,3,34
RTL8211E-VB-CG,33,PMEB,4,Passive,7,Power,3,33
RTL8211E-VB-CG,32,LED2/RXDLY,4,Passive,7,Power,3,32
RTL8211E-VB-CG,31,MDIO,4,Passive,7,Power,3,31
RTL8211E-VB-CG,30,MDC,4,Passive,7,Power,3,30
RTL8211E-VB-CG,29,PHYRSTB,4,Passive,7,Power,3,29
RTL8211E-VB-CG,27,TXCTL,4,Passive,7,Power,2,27
RTL8211E-VB-CG,26,TXD3,4,Passive,7,Power,2,26
RTL8211E-VB-CG,25,TXD2,4,Passive,7,Power,2,25
RTL8211E-VB-CG,46,CLK125,4,Passive,7,Power,4,46
RTL8211E-VB-CG,43,CKXTAL2,4,Passive,7,Power,4,43
RTL8211E-VB-CG,42,CKXTAL1,4,Passive,7,Power,4,42
RTL8211E-VB-CG,39,RSET,4,Passive,7,Power,4,39
RTL8211E-VB-CG,38,ENSWREG,4,Passive,7,Power,3,38
RTL8211E-VB-CG,3,AVDD10_1,4,Passive,7,Power,1,3
RTL8211E-VB-CG,6,AVDD33_1,4,Passive,7,Power,1,6
RTL8211E-VB-CG,9,AVDD10_2,4,Passive,7,Power,1,9
RTL8211E-VB-CG,15,DVDD33_1,4,Passive,7,Power,1,15
RTL8211E-VB-CG,21,DVDD33_2,4,Passive,7,Power,1,21
RTL8211E-VB-CG,36,DVDD10_2,4,Passive,7,Power,1,36
RTL8211E-VB-CG,28,DVDD10_1,4,Passive,7,Power,1,28
RTL8211E-VB-CG,49,EP,4,Passive,7,Power,1,49
RTL8211E-VB-CG,48,REG_OUT,4,Passive,7,Power,1,48
RTL8211E-VB-CG,47,GND,4,Passive,7,Power,1,47
RTL8211E-VB-CG,45,VDDREG_2,4,Passive,7,Power,1,45
RTL8211E-VB-CG,44,VDDREG_1,4,Passive,7,Power,1,44
RTL8211E-VB-CG,41,AVDD33_2,4,Passive,7,Power,1,41
RTL8211E-VB-CG,40,AVDD10_3,4,Passive,7,Power,1,40
RTL8211E-VB-CG,37,DVDD33_3,4,Passive,7,Power,1,37
